Payroll No,Officer Name,Job Group,Designation,Status
P1001,Pamela Anderson,E,Technician,Active
P1002,Sara Phillips,E,Analyst,Active
P1003,Todd Gonzalez,A,Supervisor,Active
P1004,Willie Harris,D,Technician,Active
P1005,Leon Evans,A,Analyst,Active
P1006,Angela Rodgers,C,Engineer,Active
P1007,Cameron Bonilla,D,Analyst,Active
P1008,Adam Hill,F,Engineer,Active
P1009,Cheryl Cook,C,Clerk,Active
P1010,Michael Alvarez,F,Analyst,Active
P1011,Alyssa Morales,E,Engineer,Active
P1012,Julie Fitzgerald,F,Clerk,Active
P1013,Shawn Simpson,D,Engineer,Active
P1014,Judith Walker,F,Technician,Active
P1015,Donald Obrien,E,Engineer,Active
P1016,Mr. Nicholas White,C,Technician,Active
P1017,James Bell,E,Engineer,Active
P1018,Bryan Perry,A,Engineer,Active
P1019,Jessica Harris,F,Analyst,Active
P1020,Donna Martinez,B,Engineer,Active
P1021,Susan Lopez,A,Manager,Active
P1022,Matthew Barry,F,Analyst,Active
P1023,Kelly Crawford,D,Clerk,Active
P1024,Patricia White,E,Supervisor,Active
P1025,Thomas Davis,A,Clerk,Active
P1026,Steven Mclaughlin,A,Engineer,Active
P1027,Crystal Clarke,C,Analyst,Active
P1028,Kari Marks,D,Technician,Active
P1029,Raven Walsh,E,Manager,Active
P1030,Edward Bowen,A,Manager,Active
P1031,Brian White,B,Engineer,Active
P1032,Christine Jackson,B,Clerk,Active
P1033,Bradley Henson,A,Clerk,Active
P1034,David Wright,D,Analyst,Active
P1035,Ronald Garza,D,Technician,Active
P1036,Karen Johns,D,Manager,Active
P1037,Jonathan Robinson,C,Supervisor,Active
P1038,Nicole Garcia,D,Supervisor,Active
P1039,Brian Bentley,E,Supervisor,Active
P1040,Austin Russell,A,Supervisor,Active
P1041,Joseph Munoz,A,Clerk,Active
P1042,Gabriel Martinez,A,Technician,Active
P1043,Monica Wade,D,Technician,Active
P1044,William Ford,A,Supervisor,Active
P1045,Paul Jones,B,Engineer,Active
P1046,Antonio Ford,E,Analyst,Active
P1047,Sarah Fisher,A,Analyst,Active
P1048,Dustin Clark,E,Analyst,Active
P1049,Courtney Walton,E,Manager,Active
P1050,Christina Perry DDS,C,Manager,Active
P1051,Emily Moore,D,Analyst,Active
P1052,Mallory Colon,C,Manager,Active
P1053,Cody White,B,Manager,Active
P1054,Stephanie Clark,E,Supervisor,Active
P1055,Andrew Johnson,C,Technician,Active
P1056,Juan Miranda,A,Engineer,Active
P1057,Richard Morrison,C,Engineer,Active
P1058,David Ramos,D,Analyst,Active
P1059,Dan Pruitt,C,Engineer,Active
P1060,Joseph Mccarthy,C,Clerk,Active
P1061,Katie Anderson,C,Analyst,Active
P1062,Matthew Santos,B,Supervisor,Active
P1063,Marie Garcia,A,Clerk,Active
P1064,Rebecca Jones,E,Analyst,Active
P1065,Scott Roberson,C,Analyst,Active
P1066,Brian Oconnell,E,Engineer,Active
P1067,Ashley Smith,D,Manager,Active
P1068,Gregory Arias,B,Technician,Active
P1069,Aaron Jones,E,Clerk,Active
P1070,Jade Carpenter,F,Clerk,Active
P1071,Maria Torres,E,Clerk,Active
P1072,Monica Crane,D,Analyst,Active
P1073,Jessica Jackson,D,Technician,Active
P1074,Bianca Parks,E,Engineer,Active
P1075,James Fletcher,D,Technician,Active
P1076,Jennifer Cook,B,Technician,Active
P1077,Christian Neal,D,Manager,Active
P1078,Susan Huff,A,Clerk,Active
P1079,Joan Reyes,F,Engineer,Active
P1080,John Russell,D,Clerk,Active
P1081,Peter Haley,C,Technician,Active
P1082,Steven Benitez,B,Engineer,Active
P1083,Dr. Katherine Anderson DVM,B,Manager,Active
P1084,Andrew Salas,E,Clerk,Active
P1085,Max Weber,F,Technician,Active
P1086,Calvin Decker,F,Engineer,Active
P1087,Kimberly Martinez,E,Technician,Active
P1088,Amanda Hodges,B,Clerk,Active
P1089,Bryan Morrison,D,Manager,Active
P1090,James Deleon,A,Engineer,Active
P1091,Steven Bradley,A,Engineer,Active
P1092,Daniel Miller,F,Analyst,Active
P1093,Adam Odom,C,Supervisor,Active
P1094,Dustin Pittman,C,Engineer,Active
P1095,Stacy Rose,A,Engineer,Active
P1096,Andre Webster,C,Engineer,Active
P1097,Samantha Russell,F,Engineer,Active
P1098,Carlos Shaw,B,Manager,Active
P1099,Mary Sanchez,A,Technician,Active
P1100,Misty Turner,B,Analyst,Active
P1101,Allison Dickerson,C,Supervisor,Active
P1102,Scott Humphrey,F,Analyst,Active
P1103,Cassandra Brown,E,Engineer,Active
P1104,Alexander Yang,E,Manager,Active
P1105,Steven Washington,F,Engineer,Active
P1106,Joseph Rodriguez,E,Analyst,Active
P1107,Daniel Herring,A,Supervisor,Active
P1108,Natalie Kidd,B,Analyst,Active
P1109,Dr. Rebecca Alexander,D,Clerk,Active
P1110,Michael Pope,A,Engineer,Active
P1111,Autumn Gordon,A,Analyst,Active
P1112,Dale Hunter,F,Engineer,Active
P1113,Melissa Williams,B,Supervisor,Active
P1114,Michael Gray,D,Technician,Active
P1115,Katie Walter,E,Clerk,Active
P1116,William Davila,A,Analyst,Active
P1117,Eric Cruz,B,Engineer,Active
P1118,Sarah Pham,A,Manager,Active
P1119,Karen Fitzgerald,D,Analyst,Active
P1120,Kelly Jones,D,Manager,Active
